# English DBpedia, release 2022.12.01: every English file of the generic, mappings and text
# groups on the DBpedia Databus, plus the DBpedia ontology. DBpedia data is licensed under
# CC BY-SA 3.0 and GFDL (https://www.dbpedia.org/about/). Columns: local path, URL, bytes,
# SHA-256 (from the Databus metadata, https://databus.dbpedia.org/sparql).
dbpedia/generic/anchor-text/2022.12.01/anchor-text_lang=en.ttl.bz2	https://downloads.dbpedia.org/repo/dbpedia/generic/anchor-text/2022.12.01/anchor-text_lang=en.ttl.bz2	2636387420	b56614d2039d712ff4e576e00edef93c4b5e101fe7f8069fa298a5f9f176819c
dbpedia/generic/article-templates/2022.12.01/article-templates_lang=en.ttl.bz2	https://downloads.dbpedia.org/repo/dbpedia/generic/article-templates/2022.12.01/article-templates_lang=en.ttl.bz2	290787199	f4b27d5bdb6430056601b9ddcdfea5594e6027ccbf27ee6af31053059500bf2b
dbpedia/generic/article-templates/2022.12.01/article-templates_lang=en_nested.ttl.bz2	https://downloads.dbpedia.org/repo/dbpedia/generic/article-templates/2022.12.01/article-templates_lang=en_nested.ttl.bz2	62167177	552aff8191c26ca370fed4f46977ed276ba95f76f1e2d236649b28aafe366d53
dbpedia/generic/categories/2022.12.01/categories_lang=en_articles.ttl.bz2	https://downloads.dbpedia.org/repo/dbpedia/generic/categories/2022.12.01/categories_lang=en_articles.ttl.bz2	288701054	4e6a2e40617d6307ff6ab98917d2eaa74c74ee0c4a97d8ee10e941f92fdc1cd9
dbpedia/generic/categories/2022.12.01/categories_lang=en_labels.ttl.bz2	https://downloads.dbpedia.org/repo/dbpedia/generic/categories/2022.12.01/categories_lang=en_labels.ttl.bz2	19452161	67ff8067fb03164490f530ec69e57808f2f00c33b683549487e76f3327167ccd
dbpedia/generic/categories/2022.12.01/categories_lang=en_skos.ttl.bz2	https://downloads.dbpedia.org/repo/dbpedia/generic/categories/2022.12.01/categories_lang=en_skos.ttl.bz2	52698473	b2a998bee671009e5a47ee510816a94241655a6102b4b072c79877fa14a78c11
dbpedia/generic/citations/2022.12.01/citations_lang=en_data.ttl.bz2	https://downloads.dbpedia.org/repo/dbpedia/generic/citations/2022.12.01/citations_lang=en_data.ttl.bz2	1571252964	78580cb7c227c283a5717e9fb1785a31358617d91490b92cd233c895ff2731ea
dbpedia/generic/citations/2022.12.01/citations_lang=en_links.ttl.bz2	https://downloads.dbpedia.org/repo/dbpedia/generic/citations/2022.12.01/citations_lang=en_links.ttl.bz2	569539933	9dc03a7f2dbb365cd88887af99629d06bb1318f412ae0ff23e787713a84714eb
dbpedia/generic/commons-sameas-links/2022.12.01/commons-sameas-links_lang=en.ttl.bz2	https://downloads.dbpedia.org/repo/dbpedia/generic/commons-sameas-links/2022.12.01/commons-sameas-links_lang=en.ttl.bz2	708116	96a8d8bc3816942a53410ded20c66c6a2904a5e1babfb7abc00efb4ba6cdfe02
dbpedia/generic/disambiguations/2022.12.01/disambiguations_lang=en.ttl.bz2	https://downloads.dbpedia.org/repo/dbpedia/generic/disambiguations/2022.12.01/disambiguations_lang=en.ttl.bz2	15634104	f7be7a7e4bcd50d8496566d31e061d212ff76999cf31d138daba032e1321440d
dbpedia/generic/external-links/2022.12.01/external-links_lang=en.ttl.bz2	https://downloads.dbpedia.org/repo/dbpedia/generic/external-links/2022.12.01/external-links_lang=en.ttl.bz2	201579530	164bed403f32287ac23af7d00ccd0122593649773939cf1528031938415c7067
dbpedia/generic/geo-coordinates/2022.12.01/geo-coordinates_lang=en.ttl.bz2	https://downloads.dbpedia.org/repo/dbpedia/generic/geo-coordinates/2022.12.01/geo-coordinates_lang=en.ttl.bz2	35331512	864377c8cf77a3d3f2f30595702e78ac1de6afbd1e13f884625d88da1f070edd
dbpedia/generic/homepages/2022.12.01/homepages_lang=en.ttl.bz2	https://downloads.dbpedia.org/repo/dbpedia/generic/homepages/2022.12.01/homepages_lang=en.ttl.bz2	12201317	4262e9e0ba018620a1d701c2926dfeee8281520479a01a1b2ef25b7c066a7c16
dbpedia/generic/images/2022.12.01/images_lang=en.ttl.bz2	https://downloads.dbpedia.org/repo/dbpedia/generic/images/2022.12.01/images_lang=en.ttl.bz2	423336499	1f3f8de3f35de3fd0ba9845a5956e9df7d02a57f8e28354689dcf7ce07a9ec30
dbpedia/generic/infobox-properties/2022.12.01/infobox-properties_lang=en.ttl.bz2	https://downloads.dbpedia.org/repo/dbpedia/generic/infobox-properties/2022.12.01/infobox-properties_lang=en.ttl.bz2	922093278	6bd89440afb3f70bed03278170e68899cad40875b7ffd86261b616196beee9fe
dbpedia/generic/infobox-property-definitions/2022.12.01/infobox-property-definitions_lang=en.ttl.bz2	https://downloads.dbpedia.org/repo/dbpedia/generic/infobox-property-definitions/2022.12.01/infobox-property-definitions_lang=en.ttl.bz2	563449	0a1c80dccc9dd8629e09c7c27875a18c22bf7bf260b6fd9a9596984737192fff
dbpedia/generic/interlanguage-links/2022.12.01/interlanguage-links_lang=en.ttl.bz2	https://downloads.dbpedia.org/repo/dbpedia/generic/interlanguage-links/2022.12.01/interlanguage-links_lang=en.ttl.bz2	820213	147c562dda11d5dd4b68c3732f424337de3aa308e6f97e7c7f1b60b4e5c38b22
dbpedia/generic/labels/2022.12.01/labels_lang=en.ttl.bz2	https://downloads.dbpedia.org/repo/dbpedia/generic/labels/2022.12.01/labels_lang=en.ttl.bz2	168694622	b1863f1f8398e677433563d90b87e01a742861373940486a57025fd031f3bc0d
dbpedia/generic/page/2022.12.01/page_lang=en_ids.ttl.bz2	https://downloads.dbpedia.org/repo/dbpedia/generic/page/2022.12.01/page_lang=en_ids.ttl.bz2	197259639	a9af0817040eb091cc284a2644c0d1b678253fa2ed62f5cd1fc2e9eada5d6efc
dbpedia/generic/page/2022.12.01/page_lang=en_length.ttl.bz2	https://downloads.dbpedia.org/repo/dbpedia/generic/page/2022.12.01/page_lang=en_length.ttl.bz2	121500938	69bc064a38ee4e1c6f0674eafc00bfeeb45fc68a9a70bdf86aa9dcbe861b7483
dbpedia/generic/persondata/2022.12.01/persondata_lang=en.ttl.bz2	https://downloads.dbpedia.org/repo/dbpedia/generic/persondata/2022.12.01/persondata_lang=en.ttl.bz2	14	d3dda84eb03b9738d118eb2be78e246106900493c0ae07819ad60815134a8058
dbpedia/generic/redirects/2022.12.01/redirects_lang=en.ttl.bz2	https://downloads.dbpedia.org/repo/dbpedia/generic/redirects/2022.12.01/redirects_lang=en.ttl.bz2	108359067	0dbdbcd3b251afe0f9b0a46092684881819e859cca9275db63dd065307dc518a
dbpedia/generic/redirects/2022.12.01/redirects_lang=en_transitive.ttl.bz2	https://downloads.dbpedia.org/repo/dbpedia/generic/redirects/2022.12.01/redirects_lang=en_transitive.ttl.bz2	108355232	65fe226b0f2e47f35e58ee489bf02bdee8cd0cb34a1682b1d0b727f6d181e03a
dbpedia/generic/revisions/2022.12.01/revisions_lang=en_ids.ttl.bz2	https://downloads.dbpedia.org/repo/dbpedia/generic/revisions/2022.12.01/revisions_lang=en_ids.ttl.bz2	206796361	82fefe8c896d1d5af0bcfc815342a96599ff4d278e6bae8408430c37fab54971
dbpedia/generic/revisions/2022.12.01/revisions_lang=en_uris.ttl.bz2	https://downloads.dbpedia.org/repo/dbpedia/generic/revisions/2022.12.01/revisions_lang=en_uris.ttl.bz2	271234828	c91426f9fa3be7fdffcad9a7b123404c9cc2cc1bc61076eb8cbc282b36766c2b
dbpedia/generic/wikilinks/2022.12.01/wikilinks_lang=en.ttl.bz2	https://downloads.dbpedia.org/repo/dbpedia/generic/wikilinks/2022.12.01/wikilinks_lang=en.ttl.bz2	1974087946	f163989312b1e9fbe8a93a6f24bc1236065aa5a4e92f988f7141a191e0b3dfba
dbpedia/generic/wikipedia-links/2022.12.01/wikipedia-links_lang=en.ttl.bz2	https://downloads.dbpedia.org/repo/dbpedia/generic/wikipedia-links/2022.12.01/wikipedia-links_lang=en.ttl.bz2	386487594	e51f6d4214621ecf3826d46d0f6443bb5760d24363de25ff9689637aabc22615
dbpedia/mappings/geo-coordinates-mappingbased/2022.12.01/geo-coordinates-mappingbased_lang=en.ttl.bz2	https://downloads.dbpedia.org/repo/dbpedia/mappings/geo-coordinates-mappingbased/2022.12.01/geo-coordinates-mappingbased_lang=en.ttl.bz2	18668873	ed43aa1cb0fd08c39b88675a39cdbf8fc7345f1be1e5a6f04ee85015463a5f19
dbpedia/mappings/instance-types/2022.12.01/instance-types_lang=en_specific.ttl.bz2	https://downloads.dbpedia.org/repo/dbpedia/mappings/instance-types/2022.12.01/instance-types_lang=en_specific.ttl.bz2	46387756	59dc900bea2ec126b8c2a4097be4ccab5f737bf4616a3f1a9d300942e32c2c3e
dbpedia/mappings/instance-types/2022.12.01/instance-types_lang=en_transitive.ttl.bz2	https://downloads.dbpedia.org/repo/dbpedia/mappings/instance-types/2022.12.01/instance-types_lang=en_transitive.ttl.bz2	150914840	b3f00c756df36e9658886fea8625537c2ec513ee2006795ee49bacbe4ead2082
dbpedia/mappings/mappingbased-literals/2022.12.01/mappingbased-literals_lang=en.ttl.bz2	https://downloads.dbpedia.org/repo/dbpedia/mappings/mappingbased-literals/2022.12.01/mappingbased-literals_lang=en.ttl.bz2	152873504	094b566bc9983842b1e97cecb2119c0e0f640e0a13882cf3f294b91b02ab770a
dbpedia/mappings/mappingbased-objects/2022.12.01/mappingbased-objects_lang=en.ttl.bz2	https://downloads.dbpedia.org/repo/dbpedia/mappings/mappingbased-objects/2022.12.01/mappingbased-objects_lang=en.ttl.bz2	191694609	76747563b7bb6587d8707ae65489186b54d17acec060da7566397992c171371a
dbpedia/mappings/mappingbased-objects/2022.12.01/mappingbased-objects_lang=en_disjointDomain.ttl.bz2	https://downloads.dbpedia.org/repo/dbpedia/mappings/mappingbased-objects/2022.12.01/mappingbased-objects_lang=en_disjointDomain.ttl.bz2	443266	2ce6b4f1d41f7f6649915255330725a4fbe78010063a6890e263d917c92c1869
dbpedia/mappings/mappingbased-objects/2022.12.01/mappingbased-objects_lang=en_disjointRange.ttl.bz2	https://downloads.dbpedia.org/repo/dbpedia/mappings/mappingbased-objects/2022.12.01/mappingbased-objects_lang=en_disjointRange.ttl.bz2	781944	e9030628206f26bcb75132f58d078697d298bfe12eb0ce45f38b946450e3310a
dbpedia/mappings/specific-mappingbased-properties/2022.12.01/specific-mappingbased-properties_lang=en.ttl.bz2	https://downloads.dbpedia.org/repo/dbpedia/mappings/specific-mappingbased-properties/2022.12.01/specific-mappingbased-properties_lang=en.ttl.bz2	9230290	e5ba7b505c06f700c87e00c8945f8712fe5f29996758f694a849ad84bda0dde1
dbpedia/text/long-abstracts/2022.12.01/long-abstracts_lang=en.ttl.bz2	https://downloads.dbpedia.org/repo/dbpedia/text/long-abstracts/2022.12.01/long-abstracts_lang=en.ttl.bz2	890025486	6f49880064c6834322c09b20653109eca0fe144d6a328fae6fad9bc6fbab8620
dbpedia/text/short-abstracts/2022.12.01/short-abstracts_lang=en.ttl.bz2	https://downloads.dbpedia.org/repo/dbpedia/text/short-abstracts/2022.12.01/short-abstracts_lang=en.ttl.bz2	617165777	e4793027fabd922948763794c4643b07729d207bb537fc766a15961aa711efdd
ontologies/dbpedia.org/ontology--DEV/2024.07.29-001000/ontology--DEV_type=parsed.nt	https://akswnc7.informatik.uni-leipzig.de/dstreitmatter/archivo/dbpedia.org/ontology--DEV/2024.07.29-001000/ontology--DEV_type=parsed.nt	4921869	56c33bd6a9cbeca9d6289b3e848bfc04fe04f8834b553172f11eea30e3554275
